{
  "status": "success",
  "total_fragments": 5,
  "valid_fragments": 5,
  "feature_types": {
    "geometry": {
      "count": 5,
      "dimension": 128
    },
    "fpfh": {
      "count": 5,
      "dimension": 33
    },
    "texture": {
      "count": 5,
      "dimension": 271
    }
  },
  "parameters": {
    "top_m_geo": 30,
    "top_m_fpfh": 30,
    "top_m_texture": 20,
    "top_k": 15,
    "alpha": 0.4,
    "beta": 0.3,
    "gamma": 0.3
  },
  "pair_details": {
    "0-1": {
      "geo_similarity": 0.015886986628174782,
      "fpfh_similarity": 0.9926121234893799,
      "texture_similarity": 0.9890742301940918,
      "total_similarity": 0.6008607007563114,
      "weights": {
        "geo": 0.4,
        "fpfh": 0.3,
        "texture": 0.3
      }
    },
    "0-2": {
      "geo_similarity": 0.14574533700942993,
      "fpfh_similarity": 0.993195652961731,
      "texture_similarity": 0.8914084434509277,
      "total_similarity": 0.6236793637275695,
      "weights": {
        "geo": 0.4,
        "fpfh": 0.3,
        "texture": 0.3
      }
    },
    "0-3": {
      "geo_similarity": 0.029987186193466187,
      "fpfh_similarity": 0.9902693033218384,
      "texture_similarity": 0.8944371342658997,
      "total_similarity": 0.5774068057537078,
      "weights": {
        "geo": 0.4,
        "fpfh": 0.3,
        "texture": 0.3
      }
    },
    "0-4": {
      "geo_similarity": -0.031778283417224884,
      "fpfh_similarity": 0.9955056309700012,
      "texture_similarity": 0.92274409532547,
      "total_similarity": 0.5627636045217513,
      "weights": {
        "geo": 0.4,
        "fpfh": 0.3,
        "texture": 0.3
      }
    },
    "1-2": {
      "geo_similarity": 0.050607290118932724,
      "fpfh_similarity": 0.9982713460922241,
      "texture_similarity": 0.862983763217926,
      "total_similarity": 0.5786194488406182,
      "weights": {
        "geo": 0.4,
        "fpfh": 0.3,
        "texture": 0.3
      }
    },
    "1-3": {
      "geo_similarity": 0.021524295210838318,
      "fpfh_similarity": 0.9991799592971802,
      "texture_similarity": 0.8719983696937561,
      "total_similarity": 0.5699632167816162,
      "weights": {
        "geo": 0.4,
        "fpfh": 0.3,
        "texture": 0.3
      }
    },
    "1-4": {
      "geo_similarity": 0.01371806487441063,
      "fpfh_similarity": 0.9786576628684998,
      "texture_similarity": 0.8948714137077332,
      "total_similarity": 0.5675459489226341,
      "weights": {
        "geo": 0.4,
        "fpfh": 0.3,
        "texture": 0.3
      }
    },
    "2-3": {
      "geo_similarity": 0.06885455548763275,
      "fpfh_similarity": 0.9981622099876404,
      "texture_similarity": 0.992067813873291,
      "total_similarity": 0.6246108293533325,
      "weights": {
        "geo": 0.4,
        "fpfh": 0.3,
        "texture": 0.3
      }
    },
    "2-4": {
      "geo_similarity": -0.061424870043992996,
      "fpfh_similarity": 0.9813716411590576,
      "texture_similarity": 0.9803383350372314,
      "total_similarity": 0.5639430448412894,
      "weights": {
        "geo": 0.4,
        "fpfh": 0.3,
        "texture": 0.3
      }
    },
    "3-4": {
      "geo_similarity": 0.0653647929430008,
      "fpfh_similarity": 0.9754128456115723,
      "texture_similarity": 0.9822776913642883,
      "total_similarity": 0.6134530782699585,
      "weights": {
        "geo": 0.4,
        "fpfh": 0.3,
        "texture": 0.3
      }
    }
  },
  "final_matches": 10,
  "threshold_applied": 0.1,
  "similarity_stats": {
    "mean": 0.5882846041768789,
    "max": 0.6246108293533325,
    "min": 0.5627636045217513,
    "std": 0.023633310497911175
  }
}