{
	"class_name" : "PinholeCameraParameters",
	"extrinsic" : 
	[
		-0.91868790751817075,
		0.35859658786132848,
		0.16559292181158503,
		0.0,
		-0.00076013546581771285,
		-0.42084367943852863,
		0.9071328566812662,
		0.0,
		0.39498348164696556,
		0.83324611289273565,
		0.38689658123998427,
		0.0,
		0.049531965366680419,
		0.071617828672257522,
		2.7041161977502193,
		1.0
	],
	"intrinsic" : 
	{
		"height" : 800,
		"intrinsic_matrix" : 
		[
			692.82032302755101,
			0.0,
			0.0,
			0.0,
			692.82032302755101,
			0.0,
			499.5,
			399.5,
			1.0
		],
		"width" : 1000
	},
	"version_major" : 1,
	"version_minor" : 0
}