{
	"class_name" : "PinholeCameraParameters",
	"extrinsic" : 
	[
		0.81552225256099098,
		0.073768055176582165,
		-0.57400499093066426,
		0.0,
		-0.055408598717645835,
		-0.9773339294452843,
		-0.20432395244607746,
		0.0,
		-0.57606713390541042,
		0.198435542155393,
		-0.79295018307804255,
		0.0,
		-7.9665749048850634,
		-6.0235375775116919,
		21.592430540191856,
		1.0
	],
	"intrinsic" : 
	{
		"height" : 600,
		"intrinsic_matrix" : 
		[
			519.6152422706632,
			0.0,
			0.0,
			0.0,
			519.6152422706632,
			0.0,
			399.5,
			299.5,
			1.0
		],
		"width" : 800
	},
	"version_major" : 1,
	"version_minor" : 0
}