{
	"class_name" : "PinholeCameraParameters",
	"extrinsic" : 
	[
		0.83917215375489385,
		0.069036504237898366,
		-0.53946645627414469,
		0.0,
		0.15003454087352175,
		-0.982806392724763,
		0.10761612780717689,
		0.0,
		-0.52276164062337682,
		-0.17124705983446761,
		-0.83510161752376333,
		0.0,
		-5.2360023617784774,
		-1.5163943922769578,
		10.710991601571365,
		1.0
	],
	"intrinsic" : 
	{
		"height" : 1494,
		"intrinsic_matrix" : 
		[
			1293.8419532539515,
			0.0,
			0.0,
			0.0,
			1293.8419532539515,
			0.0,
			1279.5,
			746.5,
			1.0
		],
		"width" : 2560
	},
	"version_major" : 1,
	"version_minor" : 0
}