{
	"class_name" : "PinholeCameraParameters",
	"extrinsic" : 
	[
		0.85183265999432478,
		-0.043884598063702179,
		-0.52197247189845219,
		0.0,
		0.04004762202486363,
		-0.98811158679835787,
		0.14843072459900264,
		0.0,
		-0.52228087016197222,
		-0.14734189522202643,
		-0.83994824755769015,
		0.0,
		-6.4296037556514323,
		-10.602288465376947,
		14.465308281428424,
		1.0
	],
	"intrinsic" : 
	{
		"height" : 600,
		"intrinsic_matrix" : 
		[
			519.6152422706632,
			0.0,
			0.0,
			0.0,
			519.6152422706632,
			0.0,
			399.5,
			299.5,
			1.0
		],
		"width" : 800
	},
	"version_major" : 1,
	"version_minor" : 0
}