{
	"class_name" : "PinholeCameraParameters",
	"extrinsic" : 
	[
		0.82592525004259421,
		-0.066008715195825657,
		-0.559902072562939,
		0.0,
		0.055635897502423197,
		-0.97873175553860658,
		0.1974558117894156,
		0.0,
		-0.56102774285339763,
		-0.19423439504504247,
		-0.80468681580494938,
		0.0,
		-5.6374323566411366,
		-1.7998673198978739,
		18.92090996950175,
		1.0
	],
	"intrinsic" : 
	{
		"height" : 600,
		"intrinsic_matrix" : 
		[
			519.6152422706632,
			0.0,
			0.0,
			0.0,
			519.6152422706632,
			0.0,
			399.5,
			299.5,
			1.0
		],
		"width" : 800
	},
	"version_major" : 1,
	"version_minor" : 0
}