{
	"class_name" : "PinholeCameraParameters",
	"extrinsic" : 
	[
		0.80795857781702018,
		-0.19027205071002679,
		-0.55767327643567355,
		0.0,
		0.13055103873768814,
		-0.86510324641315717,
		0.48430651382149198,
		0.0,
		-0.57459495543940242,
		-0.46410442764965876,
		-0.6741273747739176,
		0.0,
		-5.8050920018682364,
		-4.6988843917942154,
		12.333003845541855,
		1.0
	],
	"intrinsic" : 
	{
		"height" : 600,
		"intrinsic_matrix" : 
		[
			519.6152422706632,
			0.0,
			0.0,
			0.0,
			519.6152422706632,
			0.0,
			399.5,
			299.5,
			1.0
		],
		"width" : 800
	},
	"version_major" : 1,
	"version_minor" : 0
}