{
	"class_name" : "PinholeCameraParameters",
	"extrinsic" : 
	[
		0.74866957764449527,
		0.042925043688490191,
		-0.66155219305354451,
		0.0,
		0.18999245035497472,
		-0.96993576149498451,
		0.15207724149673793,
		0.0,
		-0.6351352079027941,
		-0.23954552635665291,
		-0.73431683113271251,
		0.0,
		-2.6227714677658795,
		-0.77366294504106303,
		9.1398925562625788,
		1.0
	],
	"intrinsic" : 
	{
		"height" : 600,
		"intrinsic_matrix" : 
		[
			519.6152422706632,
			0.0,
			0.0,
			0.0,
			519.6152422706632,
			0.0,
			399.5,
			299.5,
			1.0
		],
		"width" : 800
	},
	"version_major" : 1,
	"version_minor" : 0
}