{
  "status": "success",
  "total_fragments": 5,
  "valid_fragments": 5,
  "feature_types": {
    "geometry": {
      "count": 5,
      "dimension": 128
    },
    "fpfh": {
      "count": 5,
      "dimension": 33
    },
    "texture": {
      "count": 5,
      "dimension": 271
    }
  },
  "parameters": {
    "top_m_geo": 30,
    "top_m_fpfh": 30,
    "top_m_texture": 20,
    "top_k": 15,
    "alpha": 0.4,
    "beta": 0.3,
    "gamma": 0.3
  },
  "pair_details": {
    "0-1": {
      "geo_similarity": 0.043244436383247375,
      "fpfh_similarity": 0.9926121234893799,
      "texture_similarity": 0.9890742301940918,
      "total_similarity": 0.6118036806583405,
      "weights": {
        "geo": 0.4,
        "fpfh": 0.3,
        "texture": 0.3
      }
    },
    "0-2": {
      "geo_similarity": -0.07969824969768524,
      "fpfh_similarity": 0.993195652961731,
      "texture_similarity": 0.8914084434509277,
      "total_similarity": 0.5335019290447234,
      "weights": {
        "geo": 0.4,
        "fpfh": 0.3,
        "texture": 0.3
      }
    },
    "0-3": {
      "geo_similarity": -0.08951489627361298,
      "fpfh_similarity": 0.9902693033218384,
      "texture_similarity": 0.8944371342658997,
      "total_similarity": 0.5296059727668763,
      "weights": {
        "geo": 0.4,
        "fpfh": 0.3,
        "texture": 0.3
      }
    },
    "0-4": {
      "geo_similarity": -0.07204803079366684,
      "fpfh_similarity": 0.9955056309700012,
      "texture_similarity": 0.92274409532547,
      "total_similarity": 0.5466557055711745,
      "weights": {
        "geo": 0.4,
        "fpfh": 0.3,
        "texture": 0.3
      }
    },
    "1-2": {
      "geo_similarity": 0.07433852553367615,
      "fpfh_similarity": 0.9982713460922241,
      "texture_similarity": 0.862983763217926,
      "total_similarity": 0.5881119430065156,
      "weights": {
        "geo": 0.4,
        "fpfh": 0.3,
        "texture": 0.3
      }
    },
    "1-3": {
      "geo_similarity": -0.11382286250591278,
      "fpfh_similarity": 0.9991799592971802,
      "texture_similarity": 0.8719983696937561,
      "total_similarity": 0.5158243536949157,
      "weights": {
        "geo": 0.4,
        "fpfh": 0.3,
        "texture": 0.3
      }
    },
    "1-4": {
      "geo_similarity": 0.014139320701360703,
      "fpfh_similarity": 0.9786576628684998,
      "texture_similarity": 0.8948714137077332,
      "total_similarity": 0.5677144512534141,
      "weights": {
        "geo": 0.4,
        "fpfh": 0.3,
        "texture": 0.3
      }
    },
    "2-3": {
      "geo_similarity": 0.0848943293094635,
      "fpfh_similarity": 0.9981622099876404,
      "texture_similarity": 0.992067813873291,
      "total_similarity": 0.6310267388820647,
      "weights": {
        "geo": 0.4,
        "fpfh": 0.3,
        "texture": 0.3
      }
    },
    "2-4": {
      "geo_similarity": -0.02387092635035515,
      "fpfh_similarity": 0.9813716411590576,
      "texture_similarity": 0.9803383350372314,
      "total_similarity": 0.5789646223187446,
      "weights": {
        "geo": 0.4,
        "fpfh": 0.3,
        "texture": 0.3
      }
    },
    "3-4": {
      "geo_similarity": 0.08338862657546997,
      "fpfh_similarity": 0.9754128456115723,
      "texture_similarity": 0.9822776913642883,
      "total_similarity": 0.6206626117229461,
      "weights": {
        "geo": 0.4,
        "fpfh": 0.3,
        "texture": 0.3
      }
    }
  },
  "final_matches": 10,
  "threshold_applied": 0.1,
  "similarity_stats": {
    "mean": 0.5723872008919716,
    "max": 0.6310267388820647,
    "min": 0.5158243536949157,
    "std": 0.03852128962164945
  }
}