{
  "status": "success",
  "total_fragments": 5,
  "valid_fragments": 5,
  "feature_types": {
    "geometry": {
      "count": 5,
      "dimension": 128
    },
    "fpfh": {
      "count": 5,
      "dimension": 33
    },
    "texture": {
      "count": 5,
      "dimension": 271
    }
  },
  "parameters": {
    "top_m_geo": 30,
    "top_m_fpfh": 30,
    "top_m_texture": 20,
    "top_k": 15,
    "alpha": 0.4,
    "beta": 0.3,
    "gamma": 0.3
  },
  "pair_details": {
    "0-1": {
      "geo_similarity": -0.09427664428949356,
      "fpfh_similarity": 0.9926121234893799,
      "texture_similarity": 0.9890742301940918,
      "total_similarity": 0.556795248389244,
      "weights": {
        "geo": 0.4,
        "fpfh": 0.3,
        "texture": 0.3
      }
    },
    "0-2": {
      "geo_similarity": 0.057464197278022766,
      "fpfh_similarity": 0.993195652961731,
      "texture_similarity": 0.8914084434509277,
      "total_similarity": 0.5883669078350067,
      "weights": {
        "geo": 0.4,
        "fpfh": 0.3,
        "texture": 0.3
      }
    },
    "0-3": {
      "geo_similarity": -0.08660473674535751,
      "fpfh_similarity": 0.9902693033218384,
      "texture_similarity": 0.8944371342658997,
      "total_similarity": 0.5307700365781785,
      "weights": {
        "geo": 0.4,
        "fpfh": 0.3,
        "texture": 0.3
      }
    },
    "0-4": {
      "geo_similarity": 0.05903461575508118,
      "fpfh_similarity": 0.9955056309700012,
      "texture_similarity": 0.92274409532547,
      "total_similarity": 0.5990887641906737,
      "weights": {
        "geo": 0.4,
        "fpfh": 0.3,
        "texture": 0.3
      }
    },
    "1-2": {
      "geo_similarity": -0.09145594388246536,
      "fpfh_similarity": 0.9982713460922241,
      "texture_similarity": 0.862983763217926,
      "total_similarity": 0.5217941552400589,
      "weights": {
        "geo": 0.4,
        "fpfh": 0.3,
        "texture": 0.3
      }
    },
    "1-3": {
      "geo_similarity": 0.08887356519699097,
      "fpfh_similarity": 0.9991799592971802,
      "texture_similarity": 0.8719983696937561,
      "total_similarity": 0.5969029247760773,
      "weights": {
        "geo": 0.4,
        "fpfh": 0.3,
        "texture": 0.3
      }
    },
    "1-4": {
      "geo_similarity": 0.15492643415927887,
      "fpfh_similarity": 0.9786576628684998,
      "texture_similarity": 0.8948714137077332,
      "total_similarity": 0.6240292966365815,
      "weights": {
        "geo": 0.4,
        "fpfh": 0.3,
        "texture": 0.3
      }
    },
    "2-3": {
      "geo_similarity": -0.08693397790193558,
      "fpfh_similarity": 0.9981622099876404,
      "texture_similarity": 0.992067813873291,
      "total_similarity": 0.5622954159975051,
      "weights": {
        "geo": 0.4,
        "fpfh": 0.3,
        "texture": 0.3
      }
    },
    "2-4": {
      "geo_similarity": -0.12771770358085632,
      "fpfh_similarity": 0.9813716411590576,
      "texture_similarity": 0.9803383350372314,
      "total_similarity": 0.5374259114265442,
      "weights": {
        "geo": 0.4,
        "fpfh": 0.3,
        "texture": 0.3
      }
    },
    "3-4": {
      "geo_similarity": -0.1595662236213684,
      "fpfh_similarity": 0.9754128456115723,
      "texture_similarity": 0.9822776913642883,
      "total_similarity": 0.5234806716442109,
      "weights": {
        "geo": 0.4,
        "fpfh": 0.3,
        "texture": 0.3
      }
    }
  },
  "final_matches": 10,
  "threshold_applied": 0.1,
  "similarity_stats": {
    "mean": 0.564094933271408,
    "max": 0.6240292966365815,
    "min": 0.5217941552400589,
    "std": 0.03435021450782416
  }
}