{
  "status": "success",
  "total_fragments": 5,
  "valid_fragments": 5,
  "feature_types": {
    "geometry": {
      "count": 5,
      "dimension": 128
    },
    "fpfh": {
      "count": 5,
      "dimension": 33
    },
    "texture": {
      "count": 5,
      "dimension": 271
    }
  },
  "parameters": {
    "top_m_geo": 30,
    "top_m_fpfh": 30,
    "top_m_texture": 20,
    "top_k": 15,
    "alpha": 0.4,
    "beta": 0.3,
    "gamma": 0.3
  },
  "pair_details": {
    "0-1": {
      "geo_similarity": -0.07733311504125595,
      "fpfh_similarity": 0.9949560165405273,
      "texture_similarity": 0.9890742301940918,
      "total_similarity": 0.5642758280038833,
      "weights": {
        "geo": 0.4,
        "fpfh": 0.3,
        "texture": 0.3
      }
    },
    "0-2": {
      "geo_similarity": 0.0769856721162796,
      "fpfh_similarity": 0.9992169141769409,
      "texture_similarity": 0.8914084434509277,
      "total_similarity": 0.5979818761348723,
      "weights": {
        "geo": 0.4,
        "fpfh": 0.3,
        "texture": 0.3
      }
    },
    "0-3": {
      "geo_similarity": -0.025984004139900208,
      "fpfh_similarity": 0.9956694841384888,
      "texture_similarity": 0.8944371342658997,
      "total_similarity": 0.5566383838653564,
      "weights": {
        "geo": 0.4,
        "fpfh": 0.3,
        "texture": 0.3
      }
    },
    "0-4": {
      "geo_similarity": -0.06099347025156021,
      "fpfh_similarity": 0.9273872971534729,
      "texture_similarity": 0.92274409532547,
      "total_similarity": 0.5306420296430587,
      "weights": {
        "geo": 0.4,
        "fpfh": 0.3,
        "texture": 0.3
      }
    },
    "1-2": {
      "geo_similarity": 0.044264599680900574,
      "fpfh_similarity": 0.9970053434371948,
      "texture_similarity": 0.862983763217926,
      "total_similarity": 0.5757025718688965,
      "weights": {
        "geo": 0.4,
        "fpfh": 0.3,
        "texture": 0.3
      }
    },
    "1-3": {
      "geo_similarity": 0.0023539960384368896,
      "fpfh_similarity": 0.9985475540161133,
      "texture_similarity": 0.8719983696937561,
      "total_similarity": 0.5621053755283356,
      "weights": {
        "geo": 0.4,
        "fpfh": 0.3,
        "texture": 0.3
      }
    },
    "1-4": {
      "geo_similarity": 0.03127054125070572,
      "fpfh_similarity": 0.9369754791259766,
      "texture_similarity": 0.8948714137077332,
      "total_similarity": 0.5620622843503952,
      "weights": {
        "geo": 0.4,
        "fpfh": 0.3,
        "texture": 0.3
      }
    },
    "2-3": {
      "geo_similarity": -0.1012621745467186,
      "fpfh_similarity": 0.9966511130332947,
      "texture_similarity": 0.992067813873291,
      "total_similarity": 0.5561108082532882,
      "weights": {
        "geo": 0.4,
        "fpfh": 0.3,
        "texture": 0.3
      }
    },
    "2-4": {
      "geo_similarity": 0.031145527958869934,
      "fpfh_similarity": 0.9381014704704285,
      "texture_similarity": 0.9803383350372314,
      "total_similarity": 0.5879901528358459,
      "weights": {
        "geo": 0.4,
        "fpfh": 0.3,
        "texture": 0.3
      }
    },
    "3-4": {
      "geo_similarity": -0.1325800120830536,
      "fpfh_similarity": 0.9236456751823425,
      "texture_similarity": 0.9822776913642883,
      "total_similarity": 0.5187450051307678,
      "weights": {
        "geo": 0.4,
        "fpfh": 0.3,
        "texture": 0.3
      }
    }
  },
  "final_matches": 10,
  "threshold_applied": 0.1,
  "similarity_stats": {
    "mean": 0.56122543156147,
    "max": 0.5979818761348723,
    "min": 0.5187450051307678,
    "std": 0.022527505714732336
  }
}