{
  "status": "success",
  "total_fragments": 5,
  "valid_fragments": 5,
  "feature_types": {
    "geometry": {
      "count": 5,
      "dimension": 128
    },
    "fpfh": {
      "count": 5,
      "dimension": 33
    },
    "texture": {
      "count": 5,
      "dimension": 271
    }
  },
  "parameters": {
    "top_m_geo": 30,
    "top_m_fpfh": 30,
    "top_m_texture": 20,
    "top_k": 15,
    "alpha": 0.4,
    "beta": 0.3,
    "gamma": 0.3
  },
  "pair_details": {
    "0-1": {
      "geo_similarity": -0.031219322234392166,
      "fpfh_similarity": 0.9949560165405273,
      "texture_similarity": 0.9890742301940918,
      "total_similarity": 0.5827213451266289,
      "weights": {
        "geo": 0.4,
        "fpfh": 0.3,
        "texture": 0.3
      }
    },
    "0-2": {
      "geo_similarity": 0.12299375981092453,
      "fpfh_similarity": 0.9992169141769409,
      "texture_similarity": 0.8914084434509277,
      "total_similarity": 0.6163851112127303,
      "weights": {
        "geo": 0.4,
        "fpfh": 0.3,
        "texture": 0.3
      }
    },
    "0-3": {
      "geo_similarity": -0.058856405317783356,
      "fpfh_similarity": 0.9956694841384888,
      "texture_similarity": 0.8944371342658997,
      "total_similarity": 0.5434894233942031,
      "weights": {
        "geo": 0.4,
        "fpfh": 0.3,
        "texture": 0.3
      }
    },
    "0-4": {
      "geo_similarity": 0.16279028356075287,
      "fpfh_similarity": 0.9273872971534729,
      "texture_similarity": 0.92274409532547,
      "total_similarity": 0.6201555311679839,
      "weights": {
        "geo": 0.4,
        "fpfh": 0.3,
        "texture": 0.3
      }
    },
    "1-2": {
      "geo_similarity": -0.016179868951439857,
      "fpfh_similarity": 0.9970053434371948,
      "texture_similarity": 0.862983763217926,
      "total_similarity": 0.5515247844159603,
      "weights": {
        "geo": 0.4,
        "fpfh": 0.3,
        "texture": 0.3
      }
    },
    "1-3": {
      "geo_similarity": -0.06349156051874161,
      "fpfh_similarity": 0.9985475540161133,
      "texture_similarity": 0.8719983696937561,
      "total_similarity": 0.5357671529054642,
      "weights": {
        "geo": 0.4,
        "fpfh": 0.3,
        "texture": 0.3
      }
    },
    "1-4": {
      "geo_similarity": -0.15435630083084106,
      "fpfh_similarity": 0.9369754791259766,
      "texture_similarity": 0.8948714137077332,
      "total_similarity": 0.48781154751777644,
      "weights": {
        "geo": 0.4,
        "fpfh": 0.3,
        "texture": 0.3
      }
    },
    "2-3": {
      "geo_similarity": 0.01724354922771454,
      "fpfh_similarity": 0.9966511130332947,
      "texture_similarity": 0.992067813873291,
      "total_similarity": 0.6035130977630615,
      "weights": {
        "geo": 0.4,
        "fpfh": 0.3,
        "texture": 0.3
      }
    },
    "2-4": {
      "geo_similarity": -0.03389701619744301,
      "fpfh_similarity": 0.9381014704704285,
      "texture_similarity": 0.9803383350372314,
      "total_similarity": 0.5619731351733207,
      "weights": {
        "geo": 0.4,
        "fpfh": 0.3,
        "texture": 0.3
      }
    },
    "3-4": {
      "geo_similarity": 0.12149081379175186,
      "fpfh_similarity": 0.9236456751823425,
      "texture_similarity": 0.9822776913642883,
      "total_similarity": 0.62037333548069,
      "weights": {
        "geo": 0.4,
        "fpfh": 0.3,
        "texture": 0.3
      }
    }
  },
  "final_matches": 10,
  "threshold_applied": 0.1,
  "similarity_stats": {
    "mean": 0.572371446415782,
    "max": 0.62037333548069,
    "min": 0.48781154751777644,
    "std": 0.041795640804159366
  }
}