{
  "status": "success",
  "total_fragments": 5,
  "valid_fragments": 5,
  "feature_types": {
    "geometry": {
      "count": 5,
      "dimension": 128
    },
    "fpfh": {
      "count": 5,
      "dimension": 33
    },
    "texture": {
      "count": 5,
      "dimension": 271
    }
  },
  "parameters": {
    "top_m_geo": 30,
    "top_m_fpfh": 30,
    "top_m_texture": 20,
    "top_k": 15,
    "alpha": 0.4,
    "beta": 0.3,
    "gamma": 0.3
  },
  "pair_details": {
    "0-1": {
      "geo_similarity": 0.07272882014513016,
      "fpfh_similarity": 0.9926121234893799,
      "texture_similarity": 0.9890742301940918,
      "total_similarity": 0.6235974341630934,
      "weights": {
        "geo": 0.4,
        "fpfh": 0.3,
        "texture": 0.3
      }
    },
    "0-2": {
      "geo_similarity": -0.020058033987879753,
      "fpfh_similarity": 0.993195652961731,
      "texture_similarity": 0.8914084434509277,
      "total_similarity": 0.5573580153286457,
      "weights": {
        "geo": 0.4,
        "fpfh": 0.3,
        "texture": 0.3
      }
    },
    "0-3": {
      "geo_similarity": -0.017285380512475967,
      "fpfh_similarity": 0.9902693033218384,
      "texture_similarity": 0.8944371342658997,
      "total_similarity": 0.558497779071331,
      "weights": {
        "geo": 0.4,
        "fpfh": 0.3,
        "texture": 0.3
      }
    },
    "0-4": {
      "geo_similarity": 0.04156544804573059,
      "fpfh_similarity": 0.9955056309700012,
      "texture_similarity": 0.92274409532547,
      "total_similarity": 0.5921010971069336,
      "weights": {
        "geo": 0.4,
        "fpfh": 0.3,
        "texture": 0.3
      }
    },
    "1-2": {
      "geo_similarity": -0.09286091476678848,
      "fpfh_similarity": 0.9982713460922241,
      "texture_similarity": 0.862983763217926,
      "total_similarity": 0.5212321668863297,
      "weights": {
        "geo": 0.4,
        "fpfh": 0.3,
        "texture": 0.3
      }
    },
    "1-3": {
      "geo_similarity": -0.10776049643754959,
      "fpfh_similarity": 0.9991799592971802,
      "texture_similarity": 0.8719983696937561,
      "total_similarity": 0.518249300122261,
      "weights": {
        "geo": 0.4,
        "fpfh": 0.3,
        "texture": 0.3
      }
    },
    "1-4": {
      "geo_similarity": 0.012313801795244217,
      "fpfh_similarity": 0.9786576628684998,
      "texture_similarity": 0.8948714137077332,
      "total_similarity": 0.5669842436909676,
      "weights": {
        "geo": 0.4,
        "fpfh": 0.3,
        "texture": 0.3
      }
    },
    "2-3": {
      "geo_similarity": 0.045906633138656616,
      "fpfh_similarity": 0.9981622099876404,
      "texture_similarity": 0.992067813873291,
      "total_similarity": 0.615431660413742,
      "weights": {
        "geo": 0.4,
        "fpfh": 0.3,
        "texture": 0.3
      }
    },
    "2-4": {
      "geo_similarity": 0.1502314805984497,
      "fpfh_similarity": 0.9813716411590576,
      "texture_similarity": 0.9803383350372314,
      "total_similarity": 0.6486055850982666,
      "weights": {
        "geo": 0.4,
        "fpfh": 0.3,
        "texture": 0.3
      }
    },
    "3-4": {
      "geo_similarity": 0.05283353105187416,
      "fpfh_similarity": 0.9754128456115723,
      "texture_similarity": 0.9822776913642883,
      "total_similarity": 0.6084405735135079,
      "weights": {
        "geo": 0.4,
        "fpfh": 0.3,
        "texture": 0.3
      }
    }
  },
  "final_matches": 10,
  "threshold_applied": 0.1,
  "similarity_stats": {
    "mean": 0.5810497855395079,
    "max": 0.6486055850982666,
    "min": 0.518249300122261,
    "std": 0.041495023122563306
  }
}