{
  "status": "success",
  "total_fragments": 5,
  "valid_fragments": 5,
  "feature_types": {
    "geometry": {
      "count": 5,
      "dimension": 128
    },
    "fpfh": {
      "count": 5,
      "dimension": 33
    },
    "texture": {
      "count": 5,
      "dimension": 271
    }
  },
  "parameters": {
    "top_m_geo": 30,
    "top_m_fpfh": 30,
    "top_m_texture": 20,
    "top_k": 15,
    "alpha": 0.4,
    "beta": 0.3,
    "gamma": 0.3
  },
  "pair_details": {
    "0-1": {
      "geo_similarity": 0.06593989580869675,
      "fpfh_similarity": 0.9949560165405273,
      "texture_similarity": 0.9890742301940918,
      "total_similarity": 0.6215850323438644,
      "weights": {
        "geo": 0.4,
        "fpfh": 0.3,
        "texture": 0.3
      }
    },
    "0-2": {
      "geo_similarity": 0.004674270749092102,
      "fpfh_similarity": 0.9992169141769409,
      "texture_similarity": 0.8914084434509277,
      "total_similarity": 0.5690573155879974,
      "weights": {
        "geo": 0.4,
        "fpfh": 0.3,
        "texture": 0.3
      }
    },
    "0-3": {
      "geo_similarity": -0.02481836825609207,
      "fpfh_similarity": 0.9956694841384888,
      "texture_similarity": 0.8944371342658997,
      "total_similarity": 0.5571046382188797,
      "weights": {
        "geo": 0.4,
        "fpfh": 0.3,
        "texture": 0.3
      }
    },
    "0-4": {
      "geo_similarity": -0.11796428263187408,
      "fpfh_similarity": 0.9273872971534729,
      "texture_similarity": 0.92274409532547,
      "total_similarity": 0.5078537046909332,
      "weights": {
        "geo": 0.4,
        "fpfh": 0.3,
        "texture": 0.3
      }
    },
    "1-2": {
      "geo_similarity": 0.14333440363407135,
      "fpfh_similarity": 0.9970053434371948,
      "texture_similarity": 0.862983763217926,
      "total_similarity": 0.6153304934501649,
      "weights": {
        "geo": 0.4,
        "fpfh": 0.3,
        "texture": 0.3
      }
    },
    "1-3": {
      "geo_similarity": 0.0536380335688591,
      "fpfh_similarity": 0.9985475540161133,
      "texture_similarity": 0.8719983696937561,
      "total_similarity": 0.5826189905405044,
      "weights": {
        "geo": 0.4,
        "fpfh": 0.3,
        "texture": 0.3
      }
    },
    "1-4": {
      "geo_similarity": 0.027894580736756325,
      "fpfh_similarity": 0.9369754791259766,
      "texture_similarity": 0.8948714137077332,
      "total_similarity": 0.5607119001448154,
      "weights": {
        "geo": 0.4,
        "fpfh": 0.3,
        "texture": 0.3
      }
    },
    "2-3": {
      "geo_similarity": 0.05912649631500244,
      "fpfh_similarity": 0.9966511130332947,
      "texture_similarity": 0.992067813873291,
      "total_similarity": 0.6202662765979767,
      "weights": {
        "geo": 0.4,
        "fpfh": 0.3,
        "texture": 0.3
      }
    },
    "2-4": {
      "geo_similarity": 0.07036566734313965,
      "fpfh_similarity": 0.9381014704704285,
      "texture_similarity": 0.9803383350372314,
      "total_similarity": 0.6036782085895538,
      "weights": {
        "geo": 0.4,
        "fpfh": 0.3,
        "texture": 0.3
      }
    },
    "3-4": {
      "geo_similarity": -0.11733292043209076,
      "fpfh_similarity": 0.9236456751823425,
      "texture_similarity": 0.9822776913642883,
      "total_similarity": 0.524843841791153,
      "weights": {
        "geo": 0.4,
        "fpfh": 0.3,
        "texture": 0.3
      }
    }
  },
  "final_matches": 10,
  "threshold_applied": 0.1,
  "similarity_stats": {
    "mean": 0.5763050401955843,
    "max": 0.6215850323438644,
    "min": 0.5078537046909332,
    "std": 0.03780632427500912
  }
}