{
  "status": "success",
  "total_fragments": 5,
  "valid_fragments": 5,
  "feature_types": {
    "geometry": {
      "count": 5,
      "dimension": 128
    },
    "fpfh": {
      "count": 5,
      "dimension": 33
    },
    "texture": {
      "count": 5,
      "dimension": 271
    }
  },
  "parameters": {
    "top_m_geo": 30,
    "top_m_fpfh": 30,
    "top_m_texture": 20,
    "top_k": 15,
    "alpha": 0.4,
    "beta": 0.3,
    "gamma": 0.3
  },
  "pair_details": {
    "0-1": {
      "geo_similarity": 0.05272798240184784,
      "fpfh_similarity": 0.9949560165405273,
      "texture_similarity": 0.9890742301940918,
      "total_similarity": 0.6163002669811248,
      "weights": {
        "geo": 0.4,
        "fpfh": 0.3,
        "texture": 0.3
      }
    },
    "0-2": {
      "geo_similarity": 0.0039763255044817924,
      "fpfh_similarity": 0.9992169141769409,
      "texture_similarity": 0.8914084434509277,
      "total_similarity": 0.5687781374901533,
      "weights": {
        "geo": 0.4,
        "fpfh": 0.3,
        "texture": 0.3
      }
    },
    "0-3": {
      "geo_similarity": 0.06437083333730698,
      "fpfh_similarity": 0.9956694841384888,
      "texture_similarity": 0.8944371342658997,
      "total_similarity": 0.5927803188562393,
      "weights": {
        "geo": 0.4,
        "fpfh": 0.3,
        "texture": 0.3
      }
    },
    "0-4": {
      "geo_similarity": 0.12207283079624176,
      "fpfh_similarity": 0.9273872971534729,
      "texture_similarity": 0.92274409532547,
      "total_similarity": 0.6038685500621795,
      "weights": {
        "geo": 0.4,
        "fpfh": 0.3,
        "texture": 0.3
      }
    },
    "1-2": {
      "geo_similarity": -0.004577893763780594,
      "fpfh_similarity": 0.9970053434371948,
      "texture_similarity": 0.862983763217926,
      "total_similarity": 0.5561655744910241,
      "weights": {
        "geo": 0.4,
        "fpfh": 0.3,
        "texture": 0.3
      }
    },
    "1-3": {
      "geo_similarity": -0.10251210629940033,
      "fpfh_similarity": 0.9985475540161133,
      "texture_similarity": 0.8719983696937561,
      "total_similarity": 0.5201589345932006,
      "weights": {
        "geo": 0.4,
        "fpfh": 0.3,
        "texture": 0.3
      }
    },
    "1-4": {
      "geo_similarity": 0.019850008189678192,
      "fpfh_similarity": 0.9369754791259766,
      "texture_similarity": 0.8948714137077332,
      "total_similarity": 0.5574940711259841,
      "weights": {
        "geo": 0.4,
        "fpfh": 0.3,
        "texture": 0.3
      }
    },
    "2-3": {
      "geo_similarity": 0.19813625514507294,
      "fpfh_similarity": 0.9966511130332947,
      "texture_similarity": 0.992067813873291,
      "total_similarity": 0.6758701801300049,
      "weights": {
        "geo": 0.4,
        "fpfh": 0.3,
        "texture": 0.3
      }
    },
    "2-4": {
      "geo_similarity": 0.012804364785552025,
      "fpfh_similarity": 0.9381014704704285,
      "texture_similarity": 0.9803383350372314,
      "total_similarity": 0.5806536875665187,
      "weights": {
        "geo": 0.4,
        "fpfh": 0.3,
        "texture": 0.3
      }
    },
    "3-4": {
      "geo_similarity": -0.2108394205570221,
      "fpfh_similarity": 0.9236456751823425,
      "texture_similarity": 0.9822776913642883,
      "total_similarity": 0.48744124174118036,
      "weights": {
        "geo": 0.4,
        "fpfh": 0.3,
        "texture": 0.3
      }
    }
  },
  "final_matches": 10,
  "threshold_applied": 0.1,
  "similarity_stats": {
    "mean": 0.5759510963037611,
    "max": 0.6758701801300049,
    "min": 0.48744124174118036,
    "std": 0.04942361769505488
  }
}