{
  "status": "success",
  "total_fragments": 5,
  "valid_fragments": 5,
  "feature_types": {
    "geometry": {
      "count": 5,
      "dimension": 128
    },
    "fpfh": {
      "count": 5,
      "dimension": 33
    },
    "texture": {
      "count": 5,
      "dimension": 271
    }
  },
  "parameters": {
    "top_m_geo": 30,
    "top_m_fpfh": 30,
    "top_m_texture": 20,
    "top_k": 15,
    "alpha": 0.4,
    "beta": 0.3,
    "gamma": 0.3
  },
  "pair_details": {
    "0-1": {
      "geo_similarity": 0.22572392225265503,
      "fpfh_similarity": 0.9949560165405273,
      "texture_similarity": 0.9890742301940918,
      "total_similarity": 0.6854986429214477,
      "weights": {
        "geo": 0.4,
        "fpfh": 0.3,
        "texture": 0.3
      }
    },
    "0-2": {
      "geo_similarity": -0.1169627457857132,
      "fpfh_similarity": 0.9992169141769409,
      "texture_similarity": 0.8914084434509277,
      "total_similarity": 0.5204025089740753,
      "weights": {
        "geo": 0.4,
        "fpfh": 0.3,
        "texture": 0.3
      }
    },
    "0-3": {
      "geo_similarity": -0.010483287274837494,
      "fpfh_similarity": 0.9956694841384888,
      "texture_similarity": 0.8944371342658997,
      "total_similarity": 0.5628386706113815,
      "weights": {
        "geo": 0.4,
        "fpfh": 0.3,
        "texture": 0.3
      }
    },
    "0-4": {
      "geo_similarity": -0.09168220311403275,
      "fpfh_similarity": 0.9273872971534729,
      "texture_similarity": 0.92274409532547,
      "total_similarity": 0.5183665364980697,
      "weights": {
        "geo": 0.4,
        "fpfh": 0.3,
        "texture": 0.3
      }
    },
    "1-2": {
      "geo_similarity": -0.028996240347623825,
      "fpfh_similarity": 0.9970053434371948,
      "texture_similarity": 0.862983763217926,
      "total_similarity": 0.5463982358574868,
      "weights": {
        "geo": 0.4,
        "fpfh": 0.3,
        "texture": 0.3
      }
    },
    "1-3": {
      "geo_similarity": -0.004639158025383949,
      "fpfh_similarity": 0.9985475540161133,
      "texture_similarity": 0.8719983696937561,
      "total_similarity": 0.5593081139028072,
      "weights": {
        "geo": 0.4,
        "fpfh": 0.3,
        "texture": 0.3
      }
    },
    "1-4": {
      "geo_similarity": 0.032879576086997986,
      "fpfh_similarity": 0.9369754791259766,
      "texture_similarity": 0.8948714137077332,
      "total_similarity": 0.562705898284912,
      "weights": {
        "geo": 0.4,
        "fpfh": 0.3,
        "texture": 0.3
      }
    },
    "2-3": {
      "geo_similarity": -0.0215015709400177,
      "fpfh_similarity": 0.9966511130332947,
      "texture_similarity": 0.992067813873291,
      "total_similarity": 0.5880150496959686,
      "weights": {
        "geo": 0.4,
        "fpfh": 0.3,
        "texture": 0.3
      }
    },
    "2-4": {
      "geo_similarity": 0.03770822286605835,
      "fpfh_similarity": 0.9381014704704285,
      "texture_similarity": 0.9803383350372314,
      "total_similarity": 0.5906152307987212,
      "weights": {
        "geo": 0.4,
        "fpfh": 0.3,
        "texture": 0.3
      }
    },
    "3-4": {
      "geo_similarity": 0.11309482902288437,
      "fpfh_similarity": 0.9236456751823425,
      "texture_similarity": 0.9822776913642883,
      "total_similarity": 0.617014941573143,
      "weights": {
        "geo": 0.4,
        "fpfh": 0.3,
        "texture": 0.3
      }
    }
  },
  "final_matches": 10,
  "threshold_applied": 0.1,
  "similarity_stats": {
    "mean": 0.5751163829118012,
    "max": 0.6854986429214477,
    "min": 0.5183665364980697,
    "std": 0.046840016214687114
  }
}